{ "manifestFiles" : [ "runner.data",
"runner.js",
"runner.wasm",
"audio-worklet.js",
"game.unx",
"options.ini",
"untitled1.pfb" ], "manifestFilesMD5" : [ "730d0115f96dd36ccdb5fffddd83c429",
"6fa6eb9e89ec21c79efd314b0247309d",
"bab3ba79820646b8429d00606d9c1db2",
"e8f1e8db8cf996f8715a6f2164c2e44e",
"58cbc440095ab543493a42bf285eddfe",
"585214623b669175a702fed30de7d21d",
"2544d190eb7d4de7ce91997c77d326cd" ], "mainJS" : "runner.js", "unx": "game.unx", "index": "index.html", "runner": {"version": "2024.11.0.226", "yyc": false}}